NDWI,MNDWI,Chlorophyll,Turbidity,Dissolved oxygen,NDSI,pH,Chlorophyll-a,Suspended sediment concentration,Temperature,date
,,,,,,,,,,01-12-2018
,,,,,,,,,,02-12-2018
,,,,,,,,,,03-12-2018
,,,,,,,,,,04-12-2018
,,,,,,,,,,05-12-2018
,,,,,,,,,,06-12-2018
,,,,,,,,,,07-12-2018
,,,,,,,,,,08-12-2018
,,,,,,,,,,09-12-2018
,,,,,,,,,,10-12-2018
,,,,,,,,,,11-12-2018
,,,,,,,,,,12-12-2018
,,,,,,,,,,13-12-2018
,,,,,,,,,,14-12-2018
,,,,,,,,,,15-12-2018
,,,,,,,,,,16-12-2018
,,,,,,,,,,17-12-2018
0.023494024,-0.049433306,-0.207145071,0.417973337,0.305500597,0.374664158,7.619660774,32.50780592,2.581856103,6.3870947,18-12-2018
,,,,,,,,,,19-12-2018
,,,,,,,,,,20-12-2018
,,,,,,,,,,21-12-2018
,,,,,,,,,,22-12-2018
-0.000428336,-0.081015735,-0.286413389,0.405744127,0.285959442,0.337427677,7.762978085,35.85007041,2.581539485,4.7516436,23-12-2018
,,,,,,,,,,24-12-2018
,,,,,,,,,,25-12-2018
,,,,,,,,,,26-12-2018
,,,,,,,,,,27-12-2018
0.031079349,-0.053102631,-0.264141027,0.314158588,0.193617268,0.264624835,7.689734697,53.59296124,2.581784837,5.9150468,28-12-2018
,,,,,,,,,,29-12-2018
,,,,,,,,,,30-12-2018
,,,,,,,,,,01-01-2019
0.042142267,-0.042335638,-0.26022186,0.339681133,0.209908479,0.299549338,7.745221678,32.33108859,2.581874906,5.052131,02-01-2019
,,,,,,,,,,03-01-2019
,,,,,,,,,,04-01-2019
,,,,,,,,,,05-01-2019
,,,,,,,,,,06-01-2019
0.019837501,0.005061307,-0.076387578,0.320140126,0.284316481,0.323313357,7.442848921,13.56400194,2.582329357,12.2616169,07-01-2019
,,,,,,,,,,08-01-2019
,,,,,,,,,,09-01-2019
,,,,,,,,,,10-01-2019
,,,,,,,,,,11-01-2019
0.069500274,0.00434643,-0.085744649,0.275370894,0.166192543,0.278167406,7.365153222,12.41338463,2.582322066,13.5228649,12-01-2019
,,,,,,,,,,13-01-2019
,,,,,,,,,,14-01-2019
,,,,,,,,,,15-01-2019
,,,,,,,,,,16-01-2019
0.054968492,-0.052224676,-0.227882168,0.341171515,0.182956138,0.29363859,7.572007756,40.31016139,2.581812917,4.9699157,17-01-2019
,,,,,,,,,,18-01-2019
,,,,,,,,,,19-01-2019
,,,,,,,,,,20-01-2019
,,,,,,,,,,21-01-2019
-0.026138032,-0.116205533,-0.148565623,0.221970228,0.068646981,0.112705033,7.972010383,33.56734105,2.581120008,6.3681536,22-01-2019
,,,,,,,,,,23-01-2019
,,,,,,,,,,24-01-2019
,,,,,,,,,,25-01-2019
,,,,,,,,,,26-01-2019
0.263426072,0.078434018,-0.342613707,0.439794995,0.196221159,0.487337885,7.524666916,74.71263504,2.582745883,4.9963588,27-01-2019
,,,,,,,,,,28-01-2019
,,,,,,,,,,29-01-2019
,,,,,,,,,,30-01-2019
0.095188312,-0.044123792,-0.262188263,0.326231262,0.118633768,0.284583228,7.748023344,36.83206075,2.581879051,5.9577211,01-02-2019
,,,,,,,,,,02-02-2019
,,,,,,,,,,03-02-2019
,,,,,,,,,,04-02-2019
,,,,,,,,,,05-02-2019
0.001163275,-0.004497096,-0.090626488,0.33099956,0.272253967,0.325948785,7.363493856,12.53381302,2.582258461,11.1859448,06-02-2019
,,,,,,,,,,07-02-2019
,,,,,,,,,,08-02-2019
,,,,,,,,,,09-02-2019
,,,,,,,,,,10-02-2019
-0.04463335,-0.115298092,-0.282450075,0.199826632,0.077997303,0.090311472,7.936470194,58.45038753,2.58113093,5.9825589,11-02-2019
,,,,,,,,,,12-02-2019
,,,,,,,,,,13-02-2019
,,,,,,,,,,14-02-2019
,,,,,,,,,,15-02-2019
-0.078751431,-0.174058533,-0.290488335,0.221197602,0.008917575,0.055649322,7.926126758,76498.14869,2.580422882,6.0941444,16-02-2019
,,,,,,,,,,17-02-2019
,,,,,,,,,,18-02-2019
,,,,,,,,,,19-02-2019
,,,,,,,,,,20-02-2019
-0.095790928,-0.210732948,-0.42994693,0.296062808,0.0770874,0.103047226,8.098697984,356.0622822,2.579909263,5.6675349,21-02-2019
,,,,,,,,,,22-02-2019
,,,,,,,,,,23-02-2019
,,,,,,,,,,24-02-2019
,,,,,,,,,,25-02-2019
-0.112926853,-0.178703761,-0.215406071,0.119690283,0.013036732,-0.057762583,8.002714502,167.3182792,2.580409283,10.8301895,26-02-2019
,,,,,,,,,,27-02-2019
,,,,,,,,,,28-02-2019
,,,,,,,,,,01-03-2019
,,,,,,,,,,02-03-2019
,,,,,,,,,,04-03-2019
,,,,,,,,,,05-03-2019
,,,,,,,,,,06-03-2019
,,,,,,,,,,07-03-2019
-0.128293101,-0.243340171,-0.323107756,0.293114573,0.127701119,0.061312386,8.142729288,1834.532121,2.579461348,9.571759,08-03-2019
,,,,,,,,,,09-03-2019
,,,,,,,,,,10-03-2019
,,,,,,,,,,11-03-2019
,,,,,,,,,,12-03-2019
,,,,,,,,,,13-03-2019
,,,,,,,,,,14-03-2019
,,,,,,,,,,15-03-2019
,,,,,,,,,,16-03-2019
,,,,,,,,,,17-03-2019
,,,,,,,,,,18-03-2019
,,,,,,,,,,19-03-2019
,,,,,,,,,,20-03-2019
,,,,,,,,,,21-03-2019
,,,,,,,,,,22-03-2019
-0.088316437,-0.161315266,-0.279113351,0.448066869,0.348682519,0.314975306,8.105453461,107.9238728,2.580684375,10.3247764,23-03-2019
,,,,,,,,,,24-03-2019
,,,,,,,,,,25-03-2019
,,,,,,,,,,26-03-2019
,,,,,,,,,,27-03-2019
-0.034088193,-0.148859433,-0.257703269,0.440580809,0.297522848,0.317224325,8.001676979,133.4669257,2.580841192,10.375436,28-03-2019
,,,,,,,,,,29-03-2019
,,,,,,,,,,30-03-2019
,,,,,,,,,,01-04-2019
0.011538693,-0.118096875,-0.191961143,0.368573756,0.217302941,0.265379802,7.895143981,55.93402812,2.581197051,10.9197465,02-04-2019
,,,,,,,,,,03-04-2019
,,,,,,,,,,04-04-2019
,,,,,,,,,,05-04-2019
,,,,,,,,,,06-04-2019
0.014784066,-0.104579146,-0.134324929,0.217725597,0.063846406,0.117099797,7.782737993,48.6277862,2.581343511,15.9559247,07-04-2019
,,,,,,,,,,08-04-2019
,,,,,,,,,,09-04-2019
,,,,,,,,,,10-04-2019
,,,,,,,,,,11-04-2019
0.017501488,-0.1185886,-0.164651042,0.263291299,0.09980563,0.151926747,7.842263327,46.38122933,2.581186075,12.9322877,12-04-2019
,,,,,,,,,,13-04-2019
,,,,,,,,,,14-04-2019
,,,,,,,,,,15-04-2019
,,,,,,,,,,16-04-2019
-0.012875649,-0.030818405,-0.016293916,0.038934969,0.020055242,0.008016352,7.448722527,10.39741571,2.581985573,213.2995486,17-04-2019
,,,,,,,,,,18-04-2019
,,,,,,,,,,19-04-2019
,,,,,,,,,,20-04-2019
,,,,,,,,,,21-04-2019
0.012334654,-0.140146642,-0.245752329,0.355191163,0.169663874,0.231283129,7.857064667,69.78480207,2.580927821,10.6127708,22-04-2019
,,,,,,,,,,23-04-2019
,,,,,,,,,,24-04-2019
,,,,,,,,,,25-04-2019
,,,,,,,,,,26-04-2019
-0.046224268,-0.135056171,-0.161176677,0.24413796,0.114114706,0.115491543,7.777229623,44.36940992,2.581002298,14.5693443,27-04-2019
,,,,,,,,,,28-04-2019
,,,,,,,,,,29-04-2019
,,,,,,,,,,30-04-2019
-0.074891965,-0.140154224,-0.115270011,0.168316706,0.087205551,0.030846422,7.873349238,32.99832839,2.580935921,18.710617,02-05-2019
,,,,,,,,,,03-05-2019
,,,,,,,,,,04-05-2019
,,,,,,,,,,05-05-2019
,,,,,,,,,,06-05-2019
-0.061745035,-0.131819302,-0.105793865,0.178843948,0.079835681,0.049949,7.777240185,32.24163427,2.581035432,18.0713148,07-05-2019
,,,,,,,,,,08-05-2019
,,,,,,,,,,09-05-2019
,,,,,,,,,,10-05-2019
,,,,,,,,,,11-05-2019
-0.106146364,-0.129753048,-0.049030788,0.071432346,0.038387082,-0.058187284,7.872200665,22.77098806,2.581068331,30.8794761,12-05-2019
,,,,,,,,,,13-05-2019
,,,,,,,,,,14-05-2019
,,,,,,,,,,15-05-2019
,,,,,,,,,,16-05-2019
-0.094139573,-0.150589484,-0.13481996,0.196477243,0.102326692,0.049368617,7.835657565,41.30853144,2.580813146,18.8606811,17-05-2019
,,,,,,,,,,18-05-2019
,,,,,,,,,,19-05-2019
,,,,,,,,,,20-05-2019
,,,,,,,,,,21-05-2019
-0.110720646,-0.198920023,-0.252451479,0.345939906,0.219385414,0.16717478,7.991131509,89.92018389,2.580158853,11.9983173,22-05-2019
,,,,,,,,,,23-05-2019
,,,,,,,,,,24-05-2019
,,,,,,,,,,25-05-2019
,,,,,,,,,,26-05-2019
-0.113882976,-0.171493163,-0.181555749,0.255915889,0.151379898,0.091902731,7.869728676,54.65979608,2.580545778,15.7880997,27-05-2019
,,,,,,,,,,28-05-2019
,,,,,,,,,,29-05-2019
,,,,,,,,,,30-05-2019
-0.117019812,-0.175744606,-0.155045796,0.275088916,0.176598353,0.108942439,7.884990046,34.45766499,2.580481778,16.4719033,01-06-2019
,,,,,,,,,,02-06-2019
,,,,,,,,,,03-06-2019
,,,,,,,,,,04-06-2019
,,,,,,,,,,05-06-2019
-0.135064701,-0.171796668,-0.122132183,0.222210451,0.14579513,0.054464242,7.868749775,34.68874,2.580547441,20.7775436,06-06-2019
,,,,,,,,,,07-06-2019
,,,,,,,,,,08-06-2019
,,,,,,,,,,09-06-2019
,,,,,,,,,,10-06-2019
-0.156684866,-0.167886578,-0.130546658,0.229678608,0.177640509,0.066928206,7.934355521,31.40210105,2.580598558,20.6784337,11-06-2019
,,,,,,,,,,12-06-2019
,,,,,,,,,,13-06-2019
,,,,,,,,,,14-06-2019
,,,,,,,,,,15-06-2019
,,,,,,,,,,16-06-2019
,,,,,,,,,,17-06-2019
,,,,,,,,,,18-06-2019
,,,,,,,,,,19-06-2019
,,,,,,,,,,20-06-2019
,,,,,,,,,,21-06-2019
,,,,,,,,,,22-06-2019
,,,,,,,,,,23-06-2019
,,,,,,,,,,24-06-2019
,,,,,,,,,,25-06-2019
,,,,,,,,,,26-06-2019
,,,,,,,,,,27-06-2019
,,,,,,,,,,28-06-2019
,,,,,,,,,,29-06-2019
,,,,,,,,,,30-06-2019
,,,,,,,,,,02-07-2019
,,,,,,,,,,03-07-2019
,,,,,,,,,,04-07-2019
,,,,,,,,,,05-07-2019
,,,,,,,,,,06-07-2019
,,,,,,,,,,07-07-2019
,,,,,,,,,,08-07-2019
,,,,,,,,,,09-07-2019
,,,,,,,,,,10-07-2019
,,,,,,,,,,11-07-2019
,,,,,,,,,,12-07-2019
,,,,,,,,,,13-07-2019
,,,,,,,,,,14-07-2019
,,,,,,,,,,15-07-2019
,,,,,,,,,,16-07-2019
,,,,,,,,,,17-07-2019
,,,,,,,,,,18-07-2019
,,,,,,,,,,19-07-2019
,,,,,,,,,,20-07-2019
,,,,,,,,,,21-07-2019
,,,,,,,,,,22-07-2019
,,,,,,,,,,23-07-2019
,,,,,,,,,,24-07-2019
,,,,,,,,,,25-07-2019
,,,,,,,,,,26-07-2019
,,,,,,,,,,27-07-2019
,,,,,,,,,,28-07-2019
,,,,,,,,,,29-07-2019
,,,,,,,,,,30-07-2019
,,,,,,,,,,01-08-2019
,,,,,,,,,,02-08-2019
,,,,,,,,,,03-08-2019
,,,,,,,,,,04-08-2019
,,,,,,,,,,05-08-2019
,,,,,,,,,,06-08-2019
,,,,,,,,,,07-08-2019
,,,,,,,,,,08-08-2019
,,,,,,,,,,09-08-2019
,,,,,,,,,,10-08-2019
,,,,,,,,,,11-08-2019
,,,,,,,,,,12-08-2019
,,,,,,,,,,13-08-2019
,,,,,,,,,,14-08-2019
,,,,,,,,,,15-08-2019
,,,,,,,,,,16-08-2019
,,,,,,,,,,17-08-2019
,,,,,,,,,,18-08-2019
,,,,,,,,,,19-08-2019
,,,,,,,,,,20-08-2019
,,,,,,,,,,21-08-2019
,,,,,,,,,,22-08-2019
,,,,,,,,,,23-08-2019
,,,,,,,,,,24-08-2019
,,,,,,,,,,25-08-2019
,,,,,,,,,,26-08-2019
,,,,,,,,,,27-08-2019
,,,,,,,,,,28-08-2019
,,,,,,,,,,29-08-2019
,,,,,,,,,,30-08-2019
,,,,,,,,,,01-09-2019
,,,,,,,,,,02-09-2019
,,,,,,,,,,03-09-2019
,,,,,,,,,,04-09-2019
,,,,,,,,,,05-09-2019
,,,,,,,,,,06-09-2019
,,,,,,,,,,07-09-2019
,,,,,,,,,,08-09-2019
,,,,,,,,,,09-09-2019
,,,,,,,,,,10-09-2019
,,,,,,,,,,11-09-2019
,,,,,,,,,,12-09-2019
,,,,,,,,,,13-09-2019
,,,,,,,,,,14-09-2019
,,,,,,,,,,15-09-2019
,,,,,,,,,,16-09-2019
,,,,,,,,,,17-09-2019
,,,,,,,,,,18-09-2019
,,,,,,,,,,19-09-2019
,,,,,,,,,,20-09-2019
,,,,,,,,,,21-09-2019
,,,,,,,,,,22-09-2019
,,,,,,,,,,23-09-2019
,,,,,,,,,,24-09-2019
,,,,,,,,,,25-09-2019
,,,,,,,,,,26-09-2019
,,,,,,,,,,27-09-2019
,,,,,,,,,,28-09-2019
,,,,,,,,,,29-09-2019
,,,,,,,,,,30-09-2019
,,,,,,,,,,02-10-2019
,,,,,,,,,,03-10-2019
-0.021224684,-0.114255497,-0.172676446,0.387902848,0.227264952,0.289435905,7.405799804,16.27604317,2.581218105,12.0626148,04-10-2019
,,,,,,,,,,05-10-2019
,,,,,,,,,,06-10-2019
,,,,,,,,,,07-10-2019
,,,,,,,,,,08-10-2019
-0.041214336,-0.133049974,-0.209343358,0.4123415,0.281889719,0.301555632,7.747011986,22.45591505,2.581025763,7.2440165,09-10-2019
,,,,,,,,,,10-10-2019
,,,,,,,,,,11-10-2019
,,,,,,,,,,12-10-2019
,,,,,,,,,,13-10-2019
0.029068547,-0.132434015,-0.237766547,0.36126567,0.153656311,0.244742314,7.763322926,51.65898629,2.581023806,8.2343769,14-10-2019
,,,,,,,,,,15-10-2019
,,,,,,,,,,16-10-2019
,,,,,,,,,,17-10-2019
,,,,,,,,,,18-10-2019
,,,,,,,,,,19-10-2019
,,,,,,,,,,20-10-2019
,,,,,,,,,,21-10-2019
,,,,,,,,,,22-10-2019
,,,,,,,,,,23-10-2019
,,,,,,,,,,24-10-2019
,,,,,,,,,,25-10-2019
,,,,,,,,,,26-10-2019
,,,,,,,,,,27-10-2019
,,,,,,,,,,28-10-2019
,,,,,,,,,,29-10-2019
,,,,,,,,,,30-10-2019
,,,,,,,,,,01-11-2019
,,,,,,,,,,02-11-2019
,,,,,,,,,,03-11-2019
,,,,,,,,,,04-11-2019
,,,,,,,,,,05-11-2019
,,,,,,,,,,06-11-2019
,,,,,,,,,,07-11-2019
,,,,,,,,,,08-11-2019
,,,,,,,,,,09-11-2019
,,,,,,,,,,10-11-2019
,,,,,,,,,,11-11-2019
,,,,,,,,,,12-11-2019
,,,,,,,,,,13-11-2019
,,,,,,,,,,14-11-2019
,,,,,,,,,,15-11-2019
,,,,,,,,,,16-11-2019
,,,,,,,,,,17-11-2019
,,,,,,,,,,18-11-2019
,,,,,,,,,,19-11-2019
,,,,,,,,,,20-11-2019
,,,,,,,,,,21-11-2019
,,,,,,,,,,22-11-2019
0.021946246,-0.093070128,-0.141713116,0.448141623,0.283332767,0.37342507,7.424130061,21.4907264,2.581458869,5.6538787,23-11-2019
,,,,,,,,,,24-11-2019
,,,,,,,,,,25-11-2019
,,,,,,,,,,26-11-2019
,,,,,,,,,,27-11-2019
0.006242162,-0.073614602,-0.13191884,0.431048603,0.322799416,0.371381078,7.494519702,14.83957148,2.58165596,6.1159181,28-11-2019
,,,,,,,,,,29-11-2019
,,,,,,,,,,30-11-2019
,,,,,,,,,,02-12-2019
-0.004428966,-0.038550395,-0.096204648,0.404466749,0.326824173,0.371374648,7.456534487,15.3590013,2.581982997,8.0783319,03-12-2019
,,,,,,,,,,04-12-2019
,,,,,,,,,,05-12-2019
,,,,,,,,,,06-12-2019
,,,,,,,,,,07-12-2019
0.080980849,-0.042425365,-0.171558182,0.464890791,0.319570041,0.429323264,7.487277614,19.10472168,2.581929722,6.1622865,08-12-2019
,,,,,,,,,,09-12-2019
,,,,,,,,,,10-12-2019
,,,,,,,,,,11-12-2019
,,,,,,,,,,12-12-2019
0.078040396,-0.046539991,-0.222335591,0.440925868,0.264304654,0.400646066,7.557574652,36.55392525,2.581868084,5.1197734,13-12-2019
,,,,,,,,,,14-12-2019
,,,,,,,,,,15-12-2019
,,,,,,,,,,16-12-2019
,,,,,,,,,,17-12-2019
0.271908307,0.061780683,-0.353399724,0.530623535,0.324031799,0.562983553,7.625683457,48.78890363,2.582683685,4.8647792,18-12-2019
,,,,,,,,,,19-12-2019
,,,,,,,,,,20-12-2019
,,,,,,,,,,21-12-2019
,,,,,,,,,,22-12-2019
0.16281801,0.026948891,-0.293499541,0.470746103,0.291889669,0.485426282,7.511570643,43.70584762,2.582468496,7.3939311,23-12-2019
,,,,,,,,,,24-12-2019
,,,,,,,,,,25-12-2019
,,,,,,,,,,26-12-2019
,,,,,,,,,,27-12-2019
0.039858688,-0.061383639,-0.247248966,0.414810704,0.295325761,0.361729372,7.695746232,31.16967965,2.581722091,3.5719422,28-12-2019
,,,,,,,,,,29-12-2019
,,,,,,,,,,30-12-2019
,,,,,,,,,,01-01-2020
,,,,,,,,,,02-01-2020
,,,,,,,,,,03-01-2020
,,,,,,,,,,04-01-2020
,,,,,,,,,,05-01-2020
,,,,,,,,,,06-01-2020
,,,,,,,,,,07-01-2020
,,,,,,,,,,08-01-2020
,,,,,,,,,,09-01-2020
,,,,,,,,,,10-01-2020
,,,,,,,,,,11-01-2020
0.008541856,-0.055573645,-0.239786609,0.256476864,0.149519544,0.203985608,7.533115867,45.00444885,2.581760803,5.2893092,12-01-2020
,,,,,,,,,,13-01-2020
,,,,,,,,,,14-01-2020
,,,,,,,,,,15-01-2020
,,,,,,,,,,16-01-2020
-0.035352775,-0.086934688,-0.204466459,0.267127282,0.174514026,0.186712575,7.794710922,24.79272814,2.58146925,4.7623481,17-01-2020
,,,,,,,,,,18-01-2020
,,,,,,,,,,19-01-2020
,,,,,,,,,,20-01-2020
,,,,,,,,,,21-01-2020
,,,,,,,,,,22-01-2020
,,,,,,,,,,23-01-2020
,,,,,,,,,,24-01-2020
,,,,,,,,,,25-01-2020
,,,,,,,,,,26-01-2020
,,,,,,,,,,27-01-2020
,,,,,,,,,,28-01-2020
,,,,,,,,,,29-01-2020
,,,,,,,,,,30-01-2020
-0.002559182,-0.101885813,-0.237570334,0.288371727,0.124969315,0.195961126,7.451441994,47.8480866,2.581297632,4.7532014,01-02-2020
,,,,,,,,,,02-02-2020
,,,,,,,,,,03-02-2020
,,,,,,,,,,04-02-2020
,,,,,,,,,,05-02-2020
0.010231522,-0.114457372,-0.239226092,0.37919317,0.173040658,0.279971683,7.603705863,26.19238073,2.581169749,5.147633,06-02-2020
,,,,,,,,,,07-02-2020
,,,,,,,,,,08-02-2020
,,,,,,,,,,09-02-2020
,,,,,,,,,,10-02-2020
0.038315159,-0.102554968,-0.243917677,0.358199644,0.145191944,0.268617667,7.428264289,58.09062227,2.581304994,4.818603,11-02-2020
,,,,,,,,,,12-02-2020
,,,,,,,,,,13-02-2020
,,,,,,,,,,14-02-2020
,,,,,,,,,,15-02-2020
-0.084105252,-0.236401886,-0.527769797,0.425763324,0.223687477,0.231592868,7.997318432,396.8354712,2.579501296,3.668498,16-02-2020
,,,,,,,,,,17-02-2020
,,,,,,,,,,18-02-2020
,,,,,,,,,,19-02-2020
,,,,,,,,,,20-02-2020
0.001571917,-0.087729839,-0.175144678,0.345348519,0.196104485,0.267164703,7.519754531,27.37734571,2.581493512,7.1043105,21-02-2020
,,,,,,,,,,22-02-2020
,,,,,,,,,,23-02-2020
,,,,,,,,,,24-02-2020
,,,,,,,,,,25-02-2020
-0.002821111,-0.1729968,-0.237278937,0.290898639,0.089047213,0.130181392,8.095709582,80.01393579,2.580470138,7.2937212,26-02-2020
,,,,,,,,,,27-02-2020
,,,,,,,,,,28-02-2020
,,,,,,,,,,29-02-2020
,,,,,,,,,,01-03-2020
,,,,,,,,,,03-03-2020
,,,,,,,,,,04-03-2020
,,,,,,,,,,05-03-2020
,,,,,,,,,,06-03-2020
-0.279973996,-0.352107114,-0.356818981,0.42097308,0.304968144,0.099378243,8.268118962,393.0816239,2.577435278,7.9757037,07-03-2020
,,,,,,,,,,08-03-2020
,,,,,,,,,,09-03-2020
,,,,,,,,,,10-03-2020
,,,,,,,,,,11-03-2020
-0.310363494,-0.430838931,-0.585410649,0.482337345,0.297039442,0.104853886,8.241307171,61719079.25,2.57556392,5.779766,12-03-2020
,,,,,,,,,,13-03-2020
,,,,,,,,,,14-03-2020
,,,,,,,,,,15-03-2020
,,,,,,,,,,16-03-2020
,,,,,,,,,,17-03-2020
,,,,,,,,,,18-03-2020
,,,,,,,,,,19-03-2020
,,,,,,,,,,20-03-2020
,,,,,,,,,,21-03-2020
,,,,,,,,,,22-03-2020
,,,,,,,,,,23-03-2020
,,,,,,,,,,24-03-2020
,,,,,,,,,,25-03-2020
,,,,,,,,,,26-03-2020
,,,,,,,,,,27-03-2020
,,,,,,,,,,28-03-2020
,,,,,,,,,,29-03-2020
,,,,,,,,,,30-03-2020
-0.02919002,-0.137076819,-0.195504438,0.30457753,0.167859284,0.177951158,7.904988054,64.61452756,2.580979275,12.3016334,01-04-2020
,,,,,,,,,,02-04-2020
,,,,,,,,,,03-04-2020
,,,,,,,,,,04-04-2020
,,,,,,,,,,05-04-2020
0.035977887,-0.071888777,-0.218545759,0.428707462,0.288102042,0.369652918,7.703431108,30.74808306,2.581676555,9.3870279,06-04-2020
,,,,,,,,,,07-04-2020
,,,,,,,,,,08-04-2020
,,,,,,,,,,09-04-2020
,,,,,,,,,,10-04-2020
0.027528355,-0.076041056,-0.181058396,0.285675767,0.14089248,0.215301423,7.685050497,35.9176332,2.581636377,13.2342878,11-04-2020
,,,,,,,,,,12-04-2020
,,,,,,,,,,13-04-2020
,,,,,,,,,,14-04-2020
,,,,,,,,,,15-04-2020
0.020847504,-0.099812886,-0.250800085,0.39310006,0.23278818,0.307646214,7.797919171,39.76648713,2.581383978,7.6427648,16-04-2020
,,,,,,,,,,17-04-2020
,,,,,,,,,,18-04-2020
,,,,,,,,,,19-04-2020
,,,,,,,,,,20-04-2020
0.008659143,-0.109538757,-0.162670774,0.243134242,0.073101778,0.139618165,7.681414422,38.85150778,2.581280268,11.823748,21-04-2020
,,,,,,,,,,22-04-2020
,,,,,,,,,,23-04-2020
,,,,,,,,,,24-04-2020
,,,,,,,,,,25-04-2020
0.00881268,-0.104575665,-0.159870074,0.304129469,0.147021224,0.208511031,7.662978198,23.96573599,2.581337111,11.2032816,26-04-2020
,,,,,,,,,,27-04-2020
,,,,,,,,,,28-04-2020
,,,,,,,,,,29-04-2020
,,,,,,,,,,30-04-2020
,,,,,,,,,,02-05-2020
,,,,,,,,,,03-05-2020
,,,,,,,,,,04-05-2020
,,,,,,,,,,05-05-2020
-0.064229742,-0.10790149,-0.141325143,0.165734186,0.080615343,0.061382099,7.820836328,36.21712121,2.581294859,30.8024439,06-05-2020
,,,,,,,,,,07-05-2020
,,,,,,,,,,08-05-2020
,,,,,,,,,,09-05-2020
,,,,,,,,,,10-05-2020
-0.04780013,-0.155282342,-0.196184041,0.295499568,0.12631153,0.150837669,7.789564142,57.35588339,2.580751575,12.7308444,11-05-2020
,,,,,,,,,,12-05-2020
,,,,,,,,,,13-05-2020
,,,,,,,,,,14-05-2020
,,,,,,,,,,15-05-2020
-0.062498542,-0.123829029,-0.198537025,0.292312954,0.189195346,0.177401612,7.873910835,40.35193808,2.58113448,14.0103835,16-05-2020
,,,,,,,,,,17-05-2020
,,,,,,,,,,18-05-2020
,,,,,,,,,,19-05-2020
,,,,,,,,,,20-05-2020
-0.047859456,-0.149758862,-0.189724261,0.283000453,0.155451183,0.143117012,7.841404869,59.1695932,2.580819115,12.3635083,21-05-2020
,,,,,,,,,,22-05-2020
,,,,,,,,,,23-05-2020
,,,,,,,,,,24-05-2020
,,,,,,,,,,25-05-2020
-0.07699639,-0.167541913,-0.237327477,0.31279645,0.18171476,0.157848552,7.960696916,69.5905381,2.580592652,12.4267678,26-05-2020
,,,,,,,,,,27-05-2020
,,,,,,,,,,28-05-2020
,,,,,,,,,,29-05-2020
,,,,,,,,,,30-05-2020
,,,,,,,,,,01-06-2020
,,,,,,,,,,02-06-2020
,,,,,,,,,,03-06-2020
,,,,,,,,,,04-06-2020
-0.009988852,-0.1062867,-0.157130969,0.320535153,0.166212373,0.223992626,7.587652365,21.77995192,2.581323422,11.2622776,05-06-2020
,,,,,,,,,,06-06-2020
,,,,,,,,,,07-06-2020
,,,,,,,,,,08-06-2020
,,,,,,,,,,09-06-2020
-0.07408802,-0.138099349,-0.157306463,0.258101324,0.131572051,0.126576559,7.726847533,31.79483273,2.580969083,16.7436501,10-06-2020
,,,,,,,,,,11-06-2020
,,,,,,,,,,12-06-2020
,,,,,,,,,,13-06-2020
,,,,,,,,,,14-06-2020
,,,,,,,,,,15-06-2020
,,,,,,,,,,16-06-2020
,,,,,,,,,,17-06-2020
,,,,,,,,,,18-06-2020
,,,,,,,,,,19-06-2020
,,,,,,,,,,20-06-2020
,,,,,,,,,,21-06-2020
,,,,,,,,,,22-06-2020
,,,,,,,,,,23-06-2020
,,,,,,,,,,24-06-2020
,,,,,,,,,,25-06-2020
,,,,,,,,,,26-06-2020
,,,,,,,,,,27-06-2020
,,,,,,,,,,28-06-2020
,,,,,,,,,,29-06-2020
-0.080879234,-0.123264733,-0.155238387,0.186502617,0.091683025,0.066253169,7.769884684,29.07985055,2.581138369,18.0917261,30-06-2020
,,,,,,,,,,02-07-2020
,,,,,,,,,,03-07-2020
,,,,,,,,,,04-07-2020
,,,,,,,,,,05-07-2020
,,,,,,,,,,06-07-2020
,,,,,,,,,,07-07-2020
,,,,,,,,,,08-07-2020
,,,,,,,,,,09-07-2020
,,,,,,,,,,10-07-2020
,,,,,,,,,,11-07-2020
,,,,,,,,,,12-07-2020
,,,,,,,,,,13-07-2020
,,,,,,,,,,14-07-2020
,,,,,,,,,,15-07-2020
,,,,,,,,,,16-07-2020
,,,,,,,,,,17-07-2020
,,,,,,,,,,18-07-2020
,,,,,,,,,,19-07-2020
,,,,,,,,,,20-07-2020
,,,,,,,,,,21-07-2020
,,,,,,,,,,22-07-2020
,,,,,,,,,,23-07-2020
,,,,,,,,,,24-07-2020
,,,,,,,,,,25-07-2020
,,,,,,,,,,26-07-2020
,,,,,,,,,,27-07-2020
,,,,,,,,,,28-07-2020
,,,,,,,,,,29-07-2020
,,,,,,,,,,30-07-2020
,,,,,,,,,,01-08-2020
,,,,,,,,,,02-08-2020
,,,,,,,,,,03-08-2020
,,,,,,,,,,04-08-2020
,,,,,,,,,,05-08-2020
,,,,,,,,,,06-08-2020
,,,,,,,,,,07-08-2020
,,,,,,,,,,08-08-2020
,,,,,,,,,,09-08-2020
,,,,,,,,,,10-08-2020
,,,,,,,,,,11-08-2020
,,,,,,,,,,12-08-2020
,,,,,,,,,,13-08-2020
,,,,,,,,,,14-08-2020
,,,,,,,,,,15-08-2020
,,,,,,,,,,16-08-2020
,,,,,,,,,,17-08-2020
,,,,,,,,,,18-08-2020
,,,,,,,,,,19-08-2020
,,,,,,,,,,20-08-2020
,,,,,,,,,,21-08-2020
,,,,,,,,,,22-08-2020
,,,,,,,,,,23-08-2020
,,,,,,,,,,24-08-2020
,,,,,,,,,,25-08-2020
,,,,,,,,,,26-08-2020
,,,,,,,,,,27-08-2020
,,,,,,,,,,28-08-2020
,,,,,,,,,,29-08-2020
,,,,,,,,,,30-08-2020
,,,,,,,,,,01-09-2020
,,,,,,,,,,02-09-2020
,,,,,,,,,,03-09-2020
,,,,,,,,,,04-09-2020
,,,,,,,,,,05-09-2020
,,,,,,,,,,06-09-2020
,,,,,,,,,,07-09-2020
,,,,,,,,,,08-09-2020
,,,,,,,,,,09-09-2020
,,,,,,,,,,10-09-2020
,,,,,,,,,,11-09-2020
,,,,,,,,,,12-09-2020
,,,,,,,,,,13-09-2020
,,,,,,,,,,14-09-2020
,,,,,,,,,,15-09-2020
,,,,,,,,,,16-09-2020
,,,,,,,,,,17-09-2020
,,,,,,,,,,18-09-2020
,,,,,,,,,,19-09-2020
,,,,,,,,,,20-09-2020
,,,,,,,,,,21-09-2020
,,,,,,,,,,22-09-2020
,,,,,,,,,,23-09-2020
,,,,,,,,,,24-09-2020
,,,,,,,,,,25-09-2020
,,,,,,,,,,26-09-2020
,,,,,,,,,,27-09-2020
-0.032258989,-0.104935581,-0.212151374,0.308243694,0.162701824,0.212470459,7.750295405,39.12480135,2.581339705,11.5521555,28-09-2020
,,,,,,,,,,29-09-2020
,,,,,,,,,,30-09-2020
,,,,,,,,,,02-10-2020
,,,,,,,,,,03-10-2020
,,,,,,,,,,04-10-2020
,,,,,,,,,,05-10-2020
,,,,,,,,,,06-10-2020
,,,,,,,,,,07-10-2020
,,,,,,,,,,08-10-2020
,,,,,,,,,,09-10-2020
,,,,,,,,,,10-10-2020
,,,,,,,,,,11-10-2020
,,,,,,,,,,12-10-2020
,,,,,,,,,,13-10-2020
,,,,,,,,,,14-10-2020
,,,,,,,,,,15-10-2020
,,,,,,,,,,16-10-2020
,,,,,,,,,,17-10-2020
0.006119521,-0.064296845,-0.208948617,0.375486723,0.231889791,0.32199075,7.472954534,30.60998613,2.581740378,20.4523917,18-10-2020
,,,,,,,,,,19-10-2020
,,,,,,,,,,20-10-2020
,,,,,,,,,,21-10-2020
,,,,,,,,,,22-10-2020
0.058451047,-0.079387412,-0.22693548,0.460192703,0.310433526,0.398625625,7.703869388,32.8063517,2.581597816,7.1827499,23-10-2020
,,,,,,,,,,24-10-2020
,,,,,,,,,,25-10-2020
,,,,,,,,,,26-10-2020
,,,,,,,,,,27-10-2020
0.038548709,-0.095151651,-0.15652282,0.394225436,0.231262237,0.313833513,7.621734753,32.24540662,2.581442379,8.506578,28-10-2020
,,,,,,,,,,29-10-2020
,,,,,,,,,,30-10-2020
,,,,,,,,,,01-11-2020
0.043991023,-0.125719148,-0.161263196,0.439810643,0.260639996,0.341464025,7.797664127,35.77523016,2.581101486,7.4251308,02-11-2020
,,,,,,,,,,03-11-2020
,,,,,,,,,,04-11-2020
,,,,,,,,,,05-11-2020
,,,,,,,,,,06-11-2020
0.111790563,-0.048485574,-0.185532583,0.427986834,0.248775506,0.385946938,7.501211396,33.01141908,2.58187085,6.7313161,07-11-2020
,,,,,,,,,,08-11-2020
,,,,,,,,,,09-11-2020
,,,,,,,,,,10-11-2020
,,,,,,,,,,11-11-2020
0.135665986,0.006071529,-0.248344374,0.437014254,0.268800497,0.436074665,7.467391398,25.4854994,2.582311317,5.862034,12-11-2020
,,,,,,,,,,13-11-2020
,,,,,,,,,,14-11-2020
,,,,,,,,,,15-11-2020
,,,,,,,,,,16-11-2020
0.000263856,-0.034138079,-0.168621158,0.414785086,0.302341356,0.384873365,7.303096847,15.69008379,2.582011599,7.7488567,17-11-2020
,,,,,,,,,,18-11-2020
,,,,,,,,,,19-11-2020
,,,,,,,,,,20-11-2020
,,,,,,,,,,21-11-2020
0.124046816,0.020129981,-0.256941408,0.446810502,0.332285327,0.45504799,7.548904657,26.48161802,2.582407806,5.4734536,22-11-2020
,,,,,,,,,,23-11-2020
,,,,,,,,,,24-11-2020
,,,,,,,,,,25-11-2020
,,,,,,,,,,26-11-2020
0.163555852,0.009278333,-0.295741764,0.486096389,0.313094191,0.484161232,7.483921583,44.10978822,2.582324358,6.1130733,27-11-2020
,,,,,,,,,,28-11-2020
,,,,,,,,,,29-11-2020
,,,,,,,,,,30-11-2020
0.082598541,-0.059122028,-0.287408704,0.477442799,0.328126441,0.428725703,7.732119708,38.92426247,2.581759277,4.4354188,02-12-2020
,,,,,,,,,,03-12-2020
,,,,,,,,,,04-12-2020
,,,,,,,,,,05-12-2020
,,,,,,,,,,06-12-2020
-0.041069102,-0.119960272,-0.26677524,0.372048747,0.23991892,0.267531051,7.691659872,43.5327229,2.581133307,5.3911844,07-12-2020
,,,,,,,,,,08-12-2020
,,,,,,,,,,09-12-2020
,,,,,,,,,,10-12-2020
,,,,,,,,,,11-12-2020
,,,,,,,,,,12-12-2020
,,,,,,,,,,13-12-2020
,,,,,,,,,,14-12-2020
,,,,,,,,,,15-12-2020
,,,,,,,,,,16-12-2020
0.19082739,0.023956895,-0.32014616,0.534395195,0.35750475,0.543918149,7.692706607,64.16836295,2.582444753,5.8232472,17-12-2020
,,,,,,,,,,18-12-2020
,,,,,,,,,,19-12-2020
,,,,,,,,,,20-12-2020
,,,,,,,,,,21-12-2020
0.186088062,0.023307519,-0.384395445,0.520496487,0.350742988,0.527825107,7.739893609,57.71676902,2.582433753,4.0369159,22-12-2020
,,,,,,,,,,23-12-2020
,,,,,,,,,,24-12-2020
,,,,,,,,,,25-12-2020
,,,,,,,,,,26-12-2020
0.058963529,-0.024067857,-0.22713736,0.374643414,0.214729184,0.350812507,7.449267633,31.18117119,2.582073348,5.9659214,27-12-2020
,,,,,,,,,,28-12-2020
,,,,,,,,,,29-12-2020
,,,,,,,,,,30-12-2020
0.057049693,0.024148727,-0.14320416,0.391861275,0.313501679,0.40879438,7.389353913,13.21157058,2.582461161,7.9658466,01-01-2021
,,,,,,,,,,02-01-2021
,,,,,,,,,,03-01-2021
,,,,,,,,,,04-01-2021
,,,,,,,,,,05-01-2021
-0.040724861,-0.054386454,-0.149136984,0.35137064,0.259318883,0.302103243,7.550808988,22.12260089,2.581824566,7.5101745,06-01-2021
,,,,,,,,,,07-01-2021
,,,,,,,,,,08-01-2021
,,,,,,,,,,09-01-2021
,,,,,,,,,,10-01-2021
,,,,,,,,,,11-01-2021
,,,,,,,,,,12-01-2021
,,,,,,,,,,13-01-2021
,,,,,,,,,,14-01-2021
,,,,,,,,,,15-01-2021
-0.011891147,-0.0586104,-0.196538891,0.359725379,0.245180025,0.307495293,7.589190275,29.57907338,2.581779038,5.7932016,16-01-2021
,,,,,,,,,,17-01-2021
,,,,,,,,,,18-01-2021
,,,,,,,,,,19-01-2021
,,,,,,,,,,20-01-2021
-0.063036323,-0.101563959,-0.197712368,0.389174712,0.322073222,0.302666465,7.753934827,22.09757291,2.581355823,5.39267,21-01-2021
,,,,,,,,,,22-01-2021
,,,,,,,,,,23-01-2021
,,,,,,,,,,24-01-2021
,,,,,,,,,,25-01-2021
-0.102724301,-0.279989443,-0.396610279,0.2771939,0.022203446,0.011446972,8.204467275,33288104.81,2.578796026,5.487487,26-01-2021
,,,,,,,,,,27-01-2021
,,,,,,,,,,28-01-2021
,,,,,,,,,,29-01-2021
,,,,,,,,,,30-01-2021
,,,,,,,,,,01-02-2021
,,,,,,,,,,02-02-2021
,,,,,,,,,,03-02-2021
,,,,,,,,,,04-02-2021
-0.048740099,-0.091245207,-0.132755849,0.358705709,0.262887215,0.278006376,7.570339511,18.58535674,2.581483875,9.6382985,05-02-2021
,,,,,,,,,,06-02-2021
,,,,,,,,,,07-02-2021
,,,,,,,,,,08-02-2021
,,,,,,,,,,09-02-2021
-0.040012337,-0.178746708,-0.301347966,0.450694886,0.296890657,0.308807706,7.968366046,60.74528252,2.58041131,4.9191179,10-02-2021
,,,,,,,,,,11-02-2021
,,,,,,,,,,12-02-2021
,,,,,,,,,,13-02-2021
,,,,,,,,,,14-02-2021
0.044226341,-0.119343319,-0.187620362,0.33587213,0.10013293,0.228728167,7.765496099,64.54234122,2.581120232,7.4911416,15-02-2021
,,,,,,,,,,16-02-2021
,,,,,,,,,,17-02-2021
,,,,,,,,,,18-02-2021
,,,,,,,,,,19-02-2021
-0.088914032,-0.192989103,-0.248966856,0.477783927,0.353997408,0.328464121,8.001920064,44.38260137,2.580211661,5.5661411,20-02-2021
,,,,,,,,,,21-02-2021
,,,,,,,,,,22-02-2021
,,,,,,,,,,23-02-2021
,,,,,,,,,,24-02-2021
-0.129966975,-0.234257272,-0.293103808,0.536782132,0.403674247,0.367938576,8.009124767,99.24975751,2.579627482,6.5559999,25-02-2021
,,,,,,,,,,26-02-2021
,,,,,,,,,,27-02-2021
,,,,,,,,,,28-02-2021
,,,,,,,,,,01-03-2021
-0.049336985,-0.197221053,-0.346493238,0.492258101,0.332486611,0.340432422,8.169436767,179.1055849,2.580191427,6.8804728,02-03-2021
,,,,,,,,,,04-03-2021
,,,,,,,,,,05-03-2021
,,,,,,,,,,06-03-2021
-0.017490034,-0.220816098,-0.396176428,0.449865747,0.217485946,0.269196008,8.208948313,471264.0731,2.579836475,8.0911364,07-03-2021
,,,,,,,,,,08-03-2021
,,,,,,,,,,09-03-2021
,,,,,,,,,,10-03-2021
,,,,,,,,,,11-03-2021
,,,,,,,,,,12-03-2021
,,,,,,,,,,13-03-2021
,,,,,,,,,,14-03-2021
,,,,,,,,,,15-03-2021
,,,,,,,,,,16-03-2021
-0.026935562,-0.052054288,-0.06998217,0.260002583,0.218371922,0.211347041,7.616178922,15.23469707,2.581867227,22.4857526,17-03-2021
,,,,,,,,,,18-03-2021
,,,,,,,,,,19-03-2021
,,,,,,,,,,20-03-2021
,,,,,,,,,,21-03-2021
,,,,,,,,,,22-03-2021
,,,,,,,,,,23-03-2021
,,,,,,,,,,24-03-2021
,,,,,,,,,,25-03-2021
,,,,,,,,,,26-03-2021
0.050910144,-0.098675334,-0.198913339,0.310828906,0.140696745,0.220652977,7.864011734,71.16697367,2.581403887,12.6926855,27-03-2021
,,,,,,,,,,28-03-2021
,,,,,,,,,,29-03-2021
,,,,,,,,,,30-03-2021
0.07137854,-0.084751039,-0.166115221,0.244659288,0.085730821,0.164797189,7.911197075,58.24225391,2.581542815,12.3822902,01-04-2021
,,,,,,,,,,02-04-2021
,,,,,,,,,,03-04-2021
,,,,,,,,,,04-04-2021
,,,,,,,,,,05-04-2021
0.046067069,-0.064426672,-0.120035471,0.248192989,0.110112679,0.187632938,7.67531433,31.60274643,2.581745159,14.72999,06-04-2021
,,,,,,,,,,07-04-2021
,,,,,,,,,,08-04-2021
,,,,,,,,,,09-04-2021
,,,,,,,,,,10-04-2021
0.022372187,-0.042771422,-0.09684456,0.27083084,0.174473726,0.230936647,7.587377098,16.3232372,2.581945553,13.5543516,11-04-2021
,,,,,,,,,,12-04-2021
,,,,,,,,,,13-04-2021
,,,,,,,,,,14-04-2021
,,,,,,,,,,15-04-2021
0.029318514,-0.088929554,-0.137344801,0.280719765,0.131293865,0.198437521,7.610477463,27.09880642,2.581506847,12.869145,16-04-2021
,,,,,,,,,,17-04-2021
,,,,,,,,,,18-04-2021
,,,,,,,,,,19-04-2021
,,,,,,,,,,20-04-2021
,,,,,,,,,,21-04-2021
,,,,,,,,,,22-04-2021
,,,,,,,,,,23-04-2021
,,,,,,,,,,24-04-2021
,,,,,,,,,,25-04-2021
0.106856975,-0.068758918,-0.180676175,0.221484146,0.014405861,0.156267322,7.578140534,49.09877043,2.58168231,11.1490536,26-04-2021
,,,,,,,,,,27-04-2021
,,,,,,,,,,28-04-2021
,,,,,,,,,,29-04-2021
,,,,,,,,,,30-04-2021
,,,,,,,,,,02-05-2021
,,,,,,,,,,03-05-2021
,,,,,,,,,,04-05-2021
,,,,,,,,,,05-05-2021
0.061872158,-0.071263288,-0.164311405,0.166852163,-0.003840039,0.098035791,7.579460645,38.34053868,2.581657599,14.2946873,06-05-2021
,,,,,,,,,,07-05-2021
,,,,,,,,,,08-05-2021
,,,,,,,,,,09-05-2021
,,,,,,,,,,10-05-2021
0.079139375,-0.117456709,-0.232305641,0.258129435,0.010173059,0.148790149,7.735943048,64.16478141,2.581169577,10.7446743,11-05-2021
,,,,,,,,,,12-05-2021
,,,,,,,,,,13-05-2021
,,,,,,,,,,14-05-2021
,,,,,,,,,,15-05-2021
0.065545153,-0.078344444,-0.201222156,0.316989579,0.087436785,0.24615226,7.411127738,32.75029514,2.581598455,11.6624056,16-05-2021
,,,,,,,,,,17-05-2021
,,,,,,,,,,18-05-2021
,,,,,,,,,,19-05-2021
,,,,,,,,,,20-05-2021
-0.025515708,-0.113020712,-0.119227258,0.156841281,0.029089882,0.046252919,7.699840331,24.13155877,2.581228434,15.1625837,21-05-2021
,,,,,,,,,,22-05-2021
,,,,,,,,,,23-05-2021
,,,,,,,,,,24-05-2021
,,,,,,,,,,25-05-2021
-0.012124918,-0.115464159,-0.131069698,0.148972661,0.009814849,0.035643726,7.759871345,42.17011313,2.581212582,18.6774998,26-05-2021
,,,,,,,,,,27-05-2021
,,,,,,,,,,28-05-2021
,,,,,,,,,,29-05-2021
,,,,,,,,,,30-05-2021
,,,,,,,,,,01-06-2021
,,,,,,,,,,02-06-2021
,,,,,,,,,,03-06-2021
,,,,,,,,,,04-06-2021
,,,,,,,,,,05-06-2021
,,,,,,,,,,06-06-2021
,,,,,,,,,,07-06-2021
,,,,,,,,,,08-06-2021
,,,,,,,,,,09-06-2021
,,,,,,,,,,10-06-2021
,,,,,,,,,,11-06-2021
,,,,,,,,,,12-06-2021
,,,,,,,,,,13-06-2021
,,,,,,,,,,14-06-2021
,,,,,,,,,,15-06-2021
,,,,,,,,,,16-06-2021
,,,,,,,,,,17-06-2021
,,,,,,,,,,18-06-2021
,,,,,,,,,,19-06-2021
,,,,,,,,,,20-06-2021
,,,,,,,,,,21-06-2021
,,,,,,,,,,22-06-2021
,,,,,,,,,,23-06-2021
,,,,,,,,,,24-06-2021
,,,,,,,,,,25-06-2021
,,,,,,,,,,26-06-2021
,,,,,,,,,,27-06-2021
,,,,,,,,,,28-06-2021
,,,,,,,,,,29-06-2021
,,,,,,,,,,30-06-2021
,,,,,,,,,,02-07-2021
,,,,,,,,,,03-07-2021
,,,,,,,,,,04-07-2021
-0.058666151,-0.094689974,-0.135210173,0.194761604,0.10995519,0.103063965,7.68617768,22.22290745,2.581450253,20.6724171,05-07-2021
,,,,,,,,,,06-07-2021
,,,,,,,,,,07-07-2021
,,,,,,,,,,08-07-2021
,,,,,,,,,,09-07-2021
,,,,,,,,,,10-07-2021
,,,,,,,,,,11-07-2021
,,,,,,,,,,12-07-2021
,,,,,,,,,,13-07-2021
,,,,,,,,,,14-07-2021
,,,,,,,,,,15-07-2021
,,,,,,,,,,16-07-2021
,,,,,,,,,,17-07-2021
,,,,,,,,,,18-07-2021
,,,,,,,,,,19-07-2021
,,,,,,,,,,20-07-2021
,,,,,,,,,,21-07-2021
,,,,,,,,,,22-07-2021
,,,,,,,,,,23-07-2021
,,,,,,,,,,24-07-2021
,,,,,,,,,,25-07-2021
,,,,,,,,,,26-07-2021
,,,,,,,,,,27-07-2021
,,,,,,,,,,28-07-2021
,,,,,,,,,,29-07-2021
,,,,,,,,,,30-07-2021
,,,,,,,,,,01-08-2021
,,,,,,,,,,02-08-2021
,,,,,,,,,,03-08-2021
,,,,,,,,,,04-08-2021
,,,,,,,,,,05-08-2021
,,,,,,,,,,06-08-2021
,,,,,,,,,,07-08-2021
,,,,,,,,,,08-08-2021
,,,,,,,,,,09-08-2021
,,,,,,,,,,10-08-2021
,,,,,,,,,,11-08-2021
,,,,,,,,,,12-08-2021
,,,,,,,,,,13-08-2021
,,,,,,,,,,14-08-2021
,,,,,,,,,,15-08-2021
,,,,,,,,,,16-08-2021
,,,,,,,,,,17-08-2021
,,,,,,,,,,18-08-2021
,,,,,,,,,,19-08-2021
,,,,,,,,,,20-08-2021
,,,,,,,,,,21-08-2021
,,,,,,,,,,22-08-2021
,,,,,,,,,,23-08-2021
,,,,,,,,,,24-08-2021
,,,,,,,,,,25-08-2021
,,,,,,,,,,26-08-2021
,,,,,,,,,,27-08-2021
,,,,,,,,,,28-08-2021
,,,,,,,,,,29-08-2021
,,,,,,,,,,30-08-2021
,,,,,,,,,,01-09-2021
,,,,,,,,,,02-09-2021
,,,,,,,,,,03-09-2021
,,,,,,,,,,04-09-2021
,,,,,,,,,,05-09-2021
,,,,,,,,,,06-09-2021
,,,,,,,,,,07-09-2021
,,,,,,,,,,08-09-2021
,,,,,,,,,,09-09-2021
,,,,,,,,,,10-09-2021
,,,,,,,,,,11-09-2021
,,,,,,,,,,12-09-2021
,,,,,,,,,,13-09-2021
,,,,,,,,,,14-09-2021
,,,,,,,,,,15-09-2021
,,,,,,,,,,16-09-2021
,,,,,,,,,,17-09-2021
,,,,,,,,,,18-09-2021
,,,,,,,,,,19-09-2021
,,,,,,,,,,20-09-2021
,,,,,,,,,,21-09-2021
,,,,,,,,,,22-09-2021
,,,,,,,,,,23-09-2021
,,,,,,,,,,24-09-2021
,,,,,,,,,,25-09-2021
,,,,,,,,,,26-09-2021
,,,,,,,,,,27-09-2021
,,,,,,,,,,28-09-2021
,,,,,,,,,,29-09-2021
,,,,,,,,,,30-09-2021
,,,,,,,,,,02-10-2021
,,,,,,,,,,03-10-2021
,,,,,,,,,,04-10-2021
,,,,,,,,,,05-10-2021
,,,,,,,,,,06-10-2021
,,,,,,,,,,07-10-2021
,,,,,,,,,,08-10-2021
,,,,,,,,,,09-10-2021
,,,,,,,,,,10-10-2021
,,,,,,,,,,11-10-2021
,,,,,,,,,,12-10-2021
0.122236159,-0.051255319,-0.26788006,0.355521684,0.122192253,0.309917116,7.688032623,59.30791981,2.581858328,8.5669735,13-10-2021
,,,,,,,,,,14-10-2021
,,,,,,,,,,15-10-2021
,,,,,,,,,,16-10-2021
,,,,,,,,,,17-10-2021
,,,,,,,,,,18-10-2021
,,,,,,,,,,19-10-2021
,,,,,,,,,,20-10-2021
,,,,,,,,,,21-10-2021
,,,,,,,,,,22-10-2021
0.12279762,0.044655965,-0.163721729,0.379125685,0.243872441,0.415305059,6.950623525,11.38024181,2.582601375,8.1371599,23-10-2021
,,,,,,,,,,24-10-2021
,,,,,,,,,,25-10-2021
,,,,,,,,,,26-10-2021
,,,,,,,,,,27-10-2021
0.031589542,-0.089390151,-0.168519623,0.281132509,0.144092424,0.198368314,7.741655258,23.68940327,2.581486601,8.6042626,28-10-2021
,,,,,,,,,,29-10-2021
,,,,,,,,,,30-10-2021
,,,,,,,,,,01-11-2021
0.021195085,-0.126389474,-0.178453751,0.40638432,0.230417078,0.300284182,7.593766464,28.51141891,2.581094491,6.8522472,02-11-2021
,,,,,,,,,,03-11-2021
,,,,,,,,,,04-11-2021
,,,,,,,,,,05-11-2021
,,,,,,,,,,06-11-2021
0.042548409,0.019483987,-0.083833115,0.081772377,0.126937185,0.100888538,7.731400895,9.230149951,2.582415533,32.3426253,07-11-2021
,,,,,,,,,,08-11-2021
,,,,,,,,,,09-11-2021
,,,,,,,,,,10-11-2021
,,,,,,,,,,11-11-2021
-0.051177013,-0.115860353,-0.108571808,0.281670501,0.165329129,0.173084785,7.555386819,22.80373133,2.581217109,12.7344829,12-11-2021
,,,,,,,,,,13-11-2021
,,,,,,,,,,14-11-2021
,,,,,,,,,,15-11-2021
,,,,,,,,,,16-11-2021
,,,,,,,,,,17-11-2021
,,,,,,,,,,18-11-2021
,,,,,,,,,,19-11-2021
,,,,,,,,,,20-11-2021
,,,,,,,,,,21-11-2021
,,,,,,,,,,22-11-2021
,,,,,,,,,,23-11-2021
,,,,,,,,,,24-11-2021
,,,,,,,,,,25-11-2021
,,,,,,,,,,26-11-2021
-0.031346162,-0.13062636,-0.159299654,0.444012238,0.326980791,0.337702044,7.722912989,20.85116978,2.581042572,6.7280476,27-11-2021
,,,,,,,,,,28-11-2021
,,,,,,,,,,29-11-2021
,,,,,,,,,,30-11-2021
,,,,,,,,,,02-12-2021
,,,,,,,,,,03-12-2021
,,,,,,,,,,04-12-2021
,,,,,,,,,,05-12-2021
,,,,,,,,,,06-12-2021
0.035943785,-0.010451281,-0.090952051,0.412838849,0.334576724,0.402718546,7.441210693,12.36798157,2.582212432,9.6899444,07-12-2021
,,,,,,,,,,08-12-2021
,,,,,,,,,,09-12-2021
,,,,,,,,,,10-12-2021
,,,,,,,,,,11-12-2021
0.249093568,0.040345378,-0.259529779,0.513876138,0.275153051,0.533510232,7.445900804,45.73522778,2.582549448,6.2086991,12-12-2021
,,,,,,,,,,13-12-2021
,,,,,,,,,,14-12-2021
,,,,,,,,,,15-12-2021
,,,,,,,,,,16-12-2021
,,,,,,,,,,17-12-2021
,,,,,,,,,,18-12-2021
,,,,,,,,,,19-12-2021
,,,,,,,,,,20-12-2021
,,,,,,,,,,21-12-2021
0.072520859,-0.060543475,-0.212522861,0.347599138,0.169173359,0.292370083,7.54723047,35.12518472,2.5817373,6.0006102,22-12-2021
,,,,,,,,,,23-12-2021
,,,,,,,,,,24-12-2021
,,,,,,,,,,25-12-2021
,,,,,,,,,,26-12-2021
-0.042643595,-0.125233049,-0.19114932,0.353871542,0.208380808,0.243184786,7.812505683,23.94740814,2.58108778,8.3017635,27-12-2021
,,,,,,,,,,28-12-2021
,,,,,,,,,,29-12-2021
,,,,,,,,,,30-12-2021
,,,,,,,,,,01-01-2022
,,,,,,,,,,02-01-2022
,,,,,,,,,,03-01-2022
,,,,,,,,,,04-01-2022
,,,,,,,,,,05-01-2022
,,,,,,,,,,06-01-2022
,,,,,,,,,,07-01-2022
,,,,,,,,,,08-01-2022
,,,,,,,,,,09-01-2022
,,,,,,,,,,10-01-2022
,,,,,,,,,,11-01-2022
,,,,,,,,,,12-01-2022
,,,,,,,,,,13-01-2022
,,,,,,,,,,14-01-2022
,,,,,,,,,,15-01-2022
,,,,,,,,,,16-01-2022
,,,,,,,,,,17-01-2022
,,,,,,,,,,18-01-2022
,,,,,,,,,,19-01-2022
,,,,,,,,,,20-01-2022
0.043579922,-0.1286989,-0.316046172,0.266710852,0.013209195,0.148168857,7.641194516,117.601367,2.580970407,5.1639742,21-01-2022
,,,,,,,,,,22-01-2022
,,,,,,,,,,23-01-2022
,,,,,,,,,,24-01-2022
,,,,,,,,,,25-01-2022
0.002019157,-0.02757969,-0.057298809,0.067011238,0.020758426,0.039573563,7.543045908,13.7088898,2.582063323,32.2454414,26-01-2022
,,,,,,,,,,27-01-2022
,,,,,,,,,,28-01-2022
,,,,,,,,,,29-01-2022
,,,,,,,,,,30-01-2022
,,,,,,,,,,01-02-2022
,,,,,,,,,,02-02-2022
,,,,,,,,,,03-02-2022
,,,,,,,,,,04-02-2022
0.01834968,-0.022324416,-0.054327455,0.031104325,-0.013928429,0.008918183,7.625030986,16.41786358,2.582109793,35.7459559,05-02-2022
,,,,,,,,,,06-02-2022
,,,,,,,,,,07-02-2022
,,,,,,,,,,08-02-2022
,,,,,,,,,,09-02-2022
0.046119379,-0.032233473,-0.073713402,0.090453301,-0.003369663,0.058445627,7.593957906,20.6371175,2.582029424,34.6983924,10-02-2022
,,,,,,,,,,11-02-2022
,,,,,,,,,,12-02-2022
,,,,,,,,,,13-02-2022
,,,,,,,,,,14-02-2022
0.040834785,-0.000457206,-0.040738406,0.126573596,0.056221235,0.124891852,7.283465032,10.60290463,2.58222024,66.3369175,15-02-2022
,,,,,,,,,,16-02-2022
,,,,,,,,,,17-02-2022
,,,,,,,,,,18-02-2022
,,,,,,,,,,19-02-2022
-0.025930097,-0.092894059,-0.107234979,0.156924341,0.067497553,0.065470879,7.736622501,24.82389474,2.581456338,34.9791946,20-02-2022
,,,,,,,,,,21-02-2022
,,,,,,,,,,22-02-2022
,,,,,,,,,,23-02-2022
,,,,,,,,,,24-02-2022
,,,,,,,,,,25-02-2022
,,,,,,,,,,26-02-2022
,,,,,,,,,,27-02-2022
,,,,,,,,,,28-02-2022
,,,,,,,,,,01-03-2022
,,,,,,,,,,02-03-2022
,,,,,,,,,,04-03-2022
,,,,,,,,,,05-03-2022
,,,,,,,,,,06-03-2022
,,,,,,,,,,07-03-2022
,,,,,,,,,,08-03-2022
,,,,,,,,,,09-03-2022
,,,,,,,,,,10-03-2022
,,,,,,,,,,11-03-2022
,,,,,,,,,,12-03-2022
,,,,,,,,,,13-03-2022
,,,,,,,,,,14-03-2022
,,,,,,,,,,15-03-2022
,,,,,,,,,,16-03-2022
,,,,,,,,,,17-03-2022
,,,,,,,,,,18-03-2022
,,,,,,,,,,19-03-2022
,,,,,,,,,,20-03-2022
,,,,,,,,,,21-03-2022
0.04189701,-0.025427564,-0.058810535,0.089211555,0.011051301,0.063963396,7.58349424,18.70580018,2.582093625,46.750407,22-03-2022
,,,,,,,,,,23-03-2022
,,,,,,,,,,24-03-2022
,,,,,,,,,,25-03-2022
,,,,,,,,,,26-03-2022
0.061385878,-0.019966802,-0.066586832,0.075495465,-0.00716021,0.05566504,7.617843957,19.78375348,2.582133114,40.5949737,27-03-2022
,,,,,,,,,,28-03-2022
,,,,,,,,,,29-03-2022
,,,,,,,,,,30-03-2022
0.061858588,-0.04062951,-0.078462597,0.039548398,-0.066291273,-0.000890382,7.666787186,28.2607837,2.581956077,43.5903318,01-04-2022
,,,,,,,,,,02-04-2022
,,,,,,,,,,03-04-2022
,,,,,,,,,,04-04-2022
,,,,,,,,,,05-04-2022
0.060600699,-0.032001664,-0.07969942,0.087398131,-0.012664645,0.055679355,7.603630821,19.49763183,2.582033037,40.11944,06-04-2022
,,,,,,,,,,07-04-2022
,,,,,,,,,,08-04-2022
,,,,,,,,,,09-04-2022
,,,,,,,,,,10-04-2022
,,,,,,,,,,11-04-2022
,,,,,,,,,,12-04-2022
,,,,,,,,,,13-04-2022
,,,,,,,,,,14-04-2022
,,,,,,,,,,15-04-2022
-0.004363046,-0.048204143,-0.031757371,0.022880723,-0.021271335,-0.025172442,7.642133496,15.53995089,2.581892903,47.6484734,16-04-2022
,,,,,,,,,,17-04-2022
,,,,,,,,,,18-04-2022
,,,,,,,,,,19-04-2022
,,,,,,,,,,20-04-2022
,,,,,,,,,,21-04-2022
,,,,,,,,,,22-04-2022
,,,,,,,,,,23-04-2022
,,,,,,,,,,24-04-2022
,,,,,,,,,,25-04-2022
0.008453157,-0.027973792,-0.033068965,0.026408048,-0.013948255,-0.001398757,7.566113961,14.15287939,2.582063636,43.4779325,26-04-2022
,,,,,,,,,,27-04-2022
,,,,,,,,,,28-04-2022
,,,,,,,,,,29-04-2022
,,,,,,,,,,30-04-2022
,,,,,,,,,,02-05-2022
,,,,,,,,,,03-05-2022
,,,,,,,,,,04-05-2022
,,,,,,,,,,05-05-2022
-0.060854493,-0.063535307,0.017273474,-0.098966335,-0.083892255,-0.161318332,7.754172123,16.17967099,2.58174296,55.4823393,06-05-2022
,,,,,,,,,,07-05-2022
,,,,,,,,,,08-05-2022
,,,,,,,,,,09-05-2022
,,,,,,,,,,10-05-2022
,,,,,,,,,,11-05-2022
,,,,,,,,,,12-05-2022
,,,,,,,,,,13-05-2022
,,,,,,,,,,14-05-2022
,,,,,,,,,,15-05-2022
-0.061376539,-0.076748751,0.020287389,-0.073587665,-0.08067153,-0.149154525,7.693942397,13.93063739,2.581610262,56.5509059,16-05-2022
,,,,,,,,,,17-05-2022
,,,,,,,,,,18-05-2022
,,,,,,,,,,19-05-2022
,,,,,,,,,,20-05-2022
-0.07684759,-0.081149579,0.033566781,-0.10332641,-0.1042993,-0.182583003,7.691287981,16.11194352,2.58156261,57.8317966,21-05-2022
,,,,,,,,,,22-05-2022
,,,,,,,,,,23-05-2022
,,,,,,,,,,24-05-2022
,,,,,,,,,,25-05-2022
-0.087389308,-0.08718415,0.03010367,-0.076164019,-0.067001232,-0.162146175,7.759141737,14.51619395,2.581520347,64.2743876,26-05-2022
,,,,,,,,,,27-05-2022
,,,,,,,,,,28-05-2022
,,,,,,,,,,29-05-2022
,,,,,,,,,,30-05-2022
,,,,,,,,,,01-06-2022
,,,,,,,,,,02-06-2022
,,,,,,,,,,03-06-2022
,,,,,,,,,,04-06-2022
,,,,,,,,,,05-06-2022
,,,,,,,,,,06-06-2022
,,,,,,,,,,07-06-2022
,,,,,,,,,,08-06-2022
,,,,,,,,,,09-06-2022
,,,,,,,,,,10-06-2022
,,,,,,,,,,11-06-2022
,,,,,,,,,,12-06-2022
,,,,,,,,,,13-06-2022
,,,,,,,,,,14-06-2022
,,,,,,,,,,15-06-2022
,,,,,,,,,,16-06-2022
,,,,,,,,,,17-06-2022
,,,,,,,,,,18-06-2022
,,,,,,,,,,19-06-2022
,,,,,,,,,,20-06-2022
,,,,,,,,,,21-06-2022
,,,,,,,,,,22-06-2022
,,,,,,,,,,23-06-2022
,,,,,,,,,,24-06-2022
,,,,,,,,,,25-06-2022
,,,,,,,,,,26-06-2022
,,,,,,,,,,27-06-2022
,,,,,,,,,,28-06-2022
,,,,,,,,,,29-06-2022
,,,,,,,,,,30-06-2022
,,,,,,,,,,02-07-2022
,,,,,,,,,,03-07-2022
,,,,,,,,,,04-07-2022
,,,,,,,,,,05-07-2022
,,,,,,,,,,06-07-2022
,,,,,,,,,,07-07-2022
,,,,,,,,,,08-07-2022
,,,,,,,,,,09-07-2022
,,,,,,,,,,10-07-2022
,,,,,,,,,,11-07-2022
,,,,,,,,,,12-07-2022
,,,,,,,,,,13-07-2022
,,,,,,,,,,14-07-2022
,,,,,,,,,,15-07-2022
,,,,,,,,,,16-07-2022
,,,,,,,,,,17-07-2022
,,,,,,,,,,18-07-2022
,,,,,,,,,,19-07-2022
,,,,,,,,,,20-07-2022
,,,,,,,,,,21-07-2022
,,,,,,,,,,22-07-2022
,,,,,,,,,,23-07-2022
,,,,,,,,,,24-07-2022
,,,,,,,,,,25-07-2022
,,,,,,,,,,26-07-2022
,,,,,,,,,,27-07-2022
,,,,,,,,,,28-07-2022
,,,,,,,,,,29-07-2022
,,,,,,,,,,30-07-2022
,,,,,,,,,,01-08-2022
,,,,,,,,,,02-08-2022
,,,,,,,,,,03-08-2022
,,,,,,,,,,04-08-2022
,,,,,,,,,,05-08-2022
,,,,,,,,,,06-08-2022
,,,,,,,,,,07-08-2022
,,,,,,,,,,08-08-2022
,,,,,,,,,,09-08-2022
,,,,,,,,,,10-08-2022
,,,,,,,,,,11-08-2022
,,,,,,,,,,12-08-2022
,,,,,,,,,,13-08-2022
,,,,,,,,,,14-08-2022
,,,,,,,,,,15-08-2022
,,,,,,,,,,16-08-2022
,,,,,,,,,,17-08-2022
,,,,,,,,,,18-08-2022
,,,,,,,,,,19-08-2022
,,,,,,,,,,20-08-2022
,,,,,,,,,,21-08-2022
,,,,,,,,,,22-08-2022
,,,,,,,,,,23-08-2022
,,,,,,,,,,24-08-2022
,,,,,,,,,,25-08-2022
,,,,,,,,,,26-08-2022
,,,,,,,,,,27-08-2022
,,,,,,,,,,28-08-2022
,,,,,,,,,,29-08-2022
,,,,,,,,,,30-08-2022
,,,,,,,,,,01-09-2022
,,,,,,,,,,02-09-2022
,,,,,,,,,,03-09-2022
,,,,,,,,,,04-09-2022
,,,,,,,,,,05-09-2022
,,,,,,,,,,06-09-2022
,,,,,,,,,,07-09-2022
,,,,,,,,,,08-09-2022
,,,,,,,,,,09-09-2022
,,,,,,,,,,10-09-2022
,,,,,,,,,,11-09-2022
,,,,,,,,,,12-09-2022
,,,,,,,,,,13-09-2022
,,,,,,,,,,14-09-2022
,,,,,,,,,,15-09-2022
,,,,,,,,,,16-09-2022
,,,,,,,,,,17-09-2022
,,,,,,,,,,18-09-2022
,,,,,,,,,,19-09-2022
,,,,,,,,,,20-09-2022
,,,,,,,,,,21-09-2022
,,,,,,,,,,22-09-2022
,,,,,,,,,,23-09-2022
,,,,,,,,,,24-09-2022
,,,,,,,,,,25-09-2022
,,,,,,,,,,26-09-2022
,,,,,,,,,,27-09-2022
,,,,,,,,,,28-09-2022
,,,,,,,,,,29-09-2022
,,,,,,,,,,30-09-2022
,,,,,,,,,,02-10-2022
-0.014774161,-0.015594018,-0.038916297,0.011801288,-0.000955544,-0.003669228,7.53223628,12.11208204,2.582165443,37.2253684,03-10-2022
,,,,,,,,,,04-10-2022
,,,,,,,,,,05-10-2022
,,,,,,,,,,06-10-2022
,,,,,,,,,,07-10-2022
,,,,,,,,,,08-10-2022
,,,,,,,,,,09-10-2022
,,,,,,,,,,10-10-2022
,,,,,,,,,,11-10-2022
,,,,,,,,,,12-10-2022
-0.019656402,-0.027397582,-0.02791338,-0.013551917,-0.027973549,-0.040691941,7.5504553,12.5725487,2.582057456,32.207633,13-10-2022
,,,,,,,,,,14-10-2022
,,,,,,,,,,15-10-2022
,,,,,,,,,,16-10-2022
,,,,,,,,,,17-10-2022
-0.018877829,-0.026626946,-0.031647779,0.01190198,-0.017733175,-0.014527995,7.470378826,12.36361437,2.582067813,33.3972667,18-10-2022
,,,,,,,,,,19-10-2022
,,,,,,,,,,20-10-2022
,,,,,,,,,,21-10-2022
,,,,,,,,,,22-10-2022
-0.020796559,-0.024851418,-0.024711235,0.005499584,-0.00733546,-0.019192895,7.54598296,11.63391968,2.582089955,35.4792693,23-10-2022
,,,,,,,,,,24-10-2022
,,,,,,,,,,25-10-2022
,,,,,,,,,,26-10-2022
,,,,,,,,,,27-10-2022
-0.03610252,-0.045791165,-0.018093016,-0.005220628,-0.024106277,-0.05079682,7.534821405,12.6706945,2.581907791,36.1031726,28-10-2022
,,,,,,,,,,29-10-2022
,,,,,,,,,,30-10-2022
,,,,,,,,,,01-11-2022
-0.019731153,-0.027451237,-0.023040835,0.021046166,0.004423253,-0.006272459,7.539336687,11.35965011,2.582072857,36.6245188,02-11-2022
,,,,,,,,,,03-11-2022
,,,,,,,,,,04-11-2022
,,,,,,,,,,05-11-2022
,,,,,,,,,,06-11-2022
-0.012128457,-0.025197626,-0.028110602,0.018962268,-0.013198933,-0.006086093,7.486458834,12.60569359,2.582088813,36.8673843,07-11-2022
,,,,,,,,,,08-11-2022
,,,,,,,,,,09-11-2022
,,,,,,,,,,10-11-2022
,,,,,,,,,,11-11-2022
0.053728383,0.035413457,-0.051950992,0.130947783,0.081527765,0.165313508,7.251337624,8.78221784,2.582544744,41.9225923,12-11-2022
,,,,,,,,,,13-11-2022
,,,,,,,,,,14-11-2022
,,,,,,,,,,15-11-2022
,,,,,,,,,,16-11-2022
,,,,,,,,,,17-11-2022
,,,,,,,,,,18-11-2022
,,,,,,,,,,19-11-2022
,,,,,,,,,,20-11-2022
,,,,,,,,,,21-11-2022
0.001715492,-0.0119215,-0.024357704,0.037204684,0.014240192,0.025366648,7.492426976,11.04983473,2.582192521,32.6373493,22-11-2022
,,,,,,,,,,23-11-2022
,,,,,,,,,,24-11-2022
,,,,,,,,,,25-11-2022
,,,,,,,,,,26-11-2022
0.001860691,-0.014793624,-0.024780027,0.02226501,-0.003916162,0.007588635,7.483173837,12.63373689,2.582171858,33.1695778,27-11-2022
,,,,,,,,,,28-11-2022
,,,,,,,,,,29-11-2022
,,,,,,,,,,30-11-2022
-0.006228047,-0.027535847,-0.024213348,0.037727178,0.003633982,0.010370345,7.560444591,12.20504163,2.582069131,32.513261,02-12-2022
,,,,,,,,,,03-12-2022
,,,,,,,,,,04-12-2022
,,,,,,,,,,05-12-2022
,,,,,,,,,,06-12-2022
-0.0199813,-0.037017598,-0.016092532,0.004302739,-0.025610989,-0.032479716,7.575369785,15.05948302,2.58197932,32.8526683,07-12-2022
,,,,,,,,,,08-12-2022
,,,,,,,,,,09-12-2022
,,,,,,,,,,10-12-2022
,,,,,,,,,,11-12-2022
,,,,,,,,,,12-12-2022
,,,,,,,,,,13-12-2022
,,,,,,,,,,14-12-2022
,,,,,,,,,,15-12-2022
,,,,,,,,,,16-12-2022
-0.019090954,-0.030563439,-0.019456131,0.000253456,-0.024925047,-0.03008159,7.498664229,12.52865702,2.582039199,32.1998469,17-12-2022
,,,,,,,,,,18-12-2022
,,,,,,,,,,19-12-2022
,,,,,,,,,,20-12-2022
,,,,,,,,,,21-12-2022
-0.000208747,-0.013354489,-0.034086297,0.027096228,-0.003186804,0.013880302,7.480451369,11.24379817,2.582180036,31.589485,22-12-2022
,,,,,,,,,,23-12-2022
,,,,,,,,,,24-12-2022
,,,,,,,,,,25-12-2022
,,,,,,,,,,26-12-2022
-0.034948773,-0.040180735,-0.015490981,0.037557086,0.004346845,-0.002443971,7.573814381,14.70362315,2.581963215,36.2296897,27-12-2022
,,,,,,,,,,28-12-2022
,,,,,,,,,,29-12-2022
,,,,,,,,,,30-12-2022
